id,name,map_url,img_url,location,has_sockets,has_toilet,has_wifi,can_take_calls,seats,coffee_price,latitude,longitude
1,Science Gallery London,https://g.page/scigallerylon?share,https://lh3.googleusercontent.com/gps-cs-s/APNQkAGNo2iJnmHACUwbi9oWnVIlZD2K8DN0LncFy_UHqqTvZw0XrCcGK0_TJ0aTh95gRNckWZDBWAj3rw7MgCu4hPe2DPBwzlqNLbsx4GGtzQiFft8gWAJrHwO0zNOEkPg2LG9CgOOT=s680-w680-h510-rw,London Bridge,1,1,0,1,50+,£2.40,51.504326325541,-0.0873929202389262
2,Social - Copeland Road,https://g.page/CopelandSocial?share,https://images.squarespace-cdn.com/content/v1/5734f3ff4d088e2c5b08fe13/1555848382269-9F13FE1WQDNUUDQOAOXF/ke17ZwdGBToddI8pDm48kAeyi0pcxjZfLZiASAF9yCBZw-zPPgdn4jUwVcJE1ZvWQUxwkmyExglNqGp0IvTJZUJFbgE-7XRK3dMEBRBhUpzV8NE8s7067ZLWyi1jRvJklJnlBFEUyq1al9AqaQ7pI4DcRJq_Lf3JCtFMXgpPQyk/copeland-park-bar-peckham,Peckham,1,1,1,0,20-30,£2.75,51.4700064734149,-0.0666850509252796
3,One & All Cafe Peckham,https://g.page/one-all-cafe?share,https://lh3.googleusercontent.com/p/AF1QipOMzXpKAQNyUvrjTGHqCgWk8spwnzwP8Ml2aDKt=s0,Peckham,1,1,1,0,20-30,£2.75,51.4872907979738,-0.0717774763922782
4,Old Spike,"https://www.google.com/maps/place/Old+Spike+Roastery/@51.4651552,-0.0666088,17z/data=!4m12!1m6!3m5!1s0x487603a3a7dd838d:0x4105b39b30a737cf!2sOld+Spike+Roastery!8m2!3d51.4651552!4d-0.0666088!3m4!1s0x487603a3a7dd838d:0x4105b39b30a737cf!8m2!3d51.4651552!4d-0.0666088",https://lh3.googleusercontent.com/p/AF1QipPBAt6bYna7pv5c7e_PhCDPMKPb6oFf6kMT2VQ1=s0,Peckham,1,0,1,0,0-10,£2.80,51.4653256407251,-0.0665712490747204
5,Fuckoffee Bermondsey,https://goo.gl/maps/ugP2B1AV7FELHSgn6,https://lh3.googleusercontent.com/p/AF1QipM9Dz_QMkOF2da1aNLuTzS_vPvVWBnE84rZLK_G=s0,Bermondsey,1,1,1,0,20-30,£2.65,51.499415634397,-0.0810826355821029
6,Mare Street Market,https://goo.gl/maps/DWnwaeeiwdYsBkEH9,https://lh3.googleusercontent.com/p/AF1QipN-C650VmJ1XZhzOIBTg1bUu3_to_GHpyrmUplt=s0,Hackney,1,1,1,0,50+,£2.80,51.5380008958251,-0.0572171067463087
7,Ace Hotel Shoreditch,https://g.page/acehotellondon?share,https://lh3.googleusercontent.com/p/AF1QipP_NbZH7A1fIQyp5pRm1jOGwzKsDWewaxka6vDt=s0,Shoreditch,1,1,1,0,50+,£3.00,51.5255461400221,-0.0773379220894854
8,Goswell Road Coffee,https://goo.gl/maps/D9nXNYK3fa1cxwpK8,https://lh3.googleusercontent.com/p/AF1QipPnOfo7wTICdiAyybF3iFhD3l5aoQjSO-GErma1=s0,Clerkenwell,1,1,1,0,10-20,£2.10,51.5259027891138,-0.0995901797610738
9,The Southwark Cathedral Cafe,https://goo.gl/maps/LU1imQzBCRLFBxKUA,https://lh3.googleusercontent.com/p/AF1QipMrdTyRRozGBltwxAseQ4QeuNhbED6meQXlCPsx=s0,London Bridge,1,1,1,1,20-30,£2.30,51.5065728632962,-0.0893638509252796
10,Trade Commercial Road,https://goo.gl/maps/v5tzRBVhPFueYp4x6,https://lh3.googleusercontent.com/p/AF1QipNtHqqIc3kwhpjknrVcMdkhmpA77LDYKmpOJlxf=s0,Whitechapel,0,1,1,0,20-30,£2.70,51.5175777876672,-0.0738096779105146
11,The Tate Modern Cafe,https://goo.gl/maps/6RvPHyhsDDUPs1ox8,https://lh3.googleusercontent.com/p/AF1QipOFimpFQmUORVGg0ER3lrfEiEnKpnYJck5guFqC=s0,Bankside,0,1,1,1,30-40,£2.70,51.5077054826466,-0.0993295779105146
12,Forage Cafe,https://goo.gl/maps/HC4e9FJL48kLRH8W9,https://lh3.googleusercontent.com/gps-cs-s/APNQkAEbyZo5U-TlaFF--PPaPk3qcFWq1ZtJJZVLT6h6tkuD9GlC8R2JzAT6cLyZb784IhF14YBPDd90Ho-vw3ocHw4WR7XE2NQkcsXN92jZs3Wn_t2PvQpmA-m2eALu_uPa-XZ0WGc=w408-h272-k-no,Clerkenwell,1,1,1,1,20-30,£2.50,51.5246682931857,-0.100504391403132
13,Citizen M Hotel Shoreditch,https://g.page/citizenm-london-shoreditch?share,https://lh3.googleusercontent.com/proxy/kQQetsffuHX3WU-d2Ky5WEyaNDD8-TWMLColSAcY6txkUMNAQq9NQhOtAdbq0bSYoo-zHc0MR7WlcmIqZvxNZJyjICV1yJf3UiPQUSwQBPVGxpx1vzQbEpSQzAcEUsPDka_dVY-pf-_jJfXKLB9-aYxixES6XiA=s680-w680-h510-rw,Shoreditch,1,1,1,0,30-40,£2.80,51.5242220414153,-0.0786906644178971
14,Barbican Centre,https://goo.gl/maps/XPrcFj91LsQBvUa27,https://images.adsttc.com/media/images/5014/ec99/28ba/0d58/2800/0d0f/large_jpg/stringio.jpg?1414576924,Barbican,0,1,1,1,50+,£3.00,51.5203579074028,-0.0937488490747204
15,The Slaughtered Lamb,https://goo.gl/maps/mwAG272nQwSUc9bn8,https://lh3.googleusercontent.com/p/AF1QipOL6jxxpE_D3YS-Zzih61DqNXJKvRIDFiP6ieUI=s0,Clerkenwell,0,1,1,0,20-30,£2.60,51.5234829707874,-0.101167577910515
16,Fernandez and Wells Exhibition Road,https://maps.app.goo.gl/sQno1wRd1BPpLLuN7,https://lh3.googleusercontent.com/p/AF1QipOchpT9ipgb7tpqglcTKpp2E8kZhsKvlYjUZ4e1=s0,South Kensington,0,0,1,0,10-20,£1.80,51.51458642966529,-0.1342534442064103
17,Whitechapel Grind,https://goo.gl/maps/xv29seioiETAAZgN9,https://lh3.googleusercontent.com/p/AF1QipOZ3WDAAxphLu657afVVATJ5TGxtturIOr8gt8u=s0,Whitechapel,1,0,1,1,30-40,£2.60,51.5146553262104,-0.0730010779105146
18,The Peckham Pelican,https://goo.gl/maps/qpcpX7MWhFSS1qxH9,https://lh3.googleusercontent.com/p/AF1QipOutkI7wjWNXiPSTdf8CX0jXwyVHFTwFnVhyVJE=s0,Peckham,1,0,1,1,0 - 10,£2.60,51.47478542537643,-0.07732038835139952
19,Natural History Museum Library,https://goo.gl/maps/VU2PwnDDtH1WqCnK7,https://lh3.googleusercontent.com/gps-cs-s/AHRPTWn2Aj1GOiGvIm3zRsN2dA7bE9YukXo9pOeLKygVDV6Q4LJ-vRq0f_ysxbGRm_OnGosg9EQR9TGCJI5eNdE6nCeQL7aXyePoBb6q_mT4C9sh1HlydHjZNFlf5iMdgrBgWsfbBOMF=w408-h397-k-no,South Kensington,1,0,1,0,40-50,£2.00,51.4968786435055,-0.17632964907472
20,The Bike Shed,https://goo.gl/maps/gYX271NxyuawiMcK8,https://lh3.googleusercontent.com/p/AF1QipNlBWFgXBiP9YjKARy4dgjHGePOmtsfuQPRwGvb=s0,Shoreditch,1,0,1,0,10-20,£2.80,51.5272757101901,-0.0788613067463088
21,FORA Borough,https://g.page/fora---borough?share,https://lh3.googleusercontent.com/gps-cs-s/AHRPTWmBNaV9GkxHlbs5uMgABcx1yivKtGexxWzHUoXU0ppeIbBD3M7Xg16LzaRl_KauRuco0W-ZNxL15DnIU26X6goFxR7jSX2KqGJKEb0n2YOc6JIZp7FAfTo3v9cN7I-C-OCgyQJ5JQ=w408-h271-k-no,Borough,1,0,1,1,20-30,£2.40,51.5016110546607,-0.0932235202389262
